Workbook

Sheet Scores
A1: Exam Number | B1: 1.a.a | C1: 2.a.a | D1: 2.a.b | E1: 2.b.a | F1: 2.b.b | G1: Total
A2: Maximum Points | B2: 1 | C2: 1 | D2: 1 | E2: 1 | F2: 2 | G2: =SUM(B2:F2) -> 6
A3: 001 | B3: 1 | C3: 1 | D3: 1 | E3: 1 | F3: 2 | G3: =SUM(B3:F3) -> 6
A4: 002 | B4: 0 | C4: 1 | D4: 0 | E4: 1 | F4: 2 | G4: =SUM(B4:F4) -> 4

Sheet Summary
A1: Exam Number | B1: Exam File Stem | C1: P1 | D1: P2 | E1: Total | F1: Human review | G1: Full review reason | H1: Source JSON
A2: 001 | B2: Exam001 | C2: =SUM('Scores'!B3:B3) -> 1 | D2: =SUM('Scores'!C3:F3) -> 5 | E2: =SUM('Scores'!B3:F3) -> 6 | F2: FALSE | H2: /work/courses/dslab/team-16/exam-toolkit-dhest/demo_workspace/evals/Exam001.json
A3: 002 | B3: Exam002 | C3: =SUM('Scores'!B4:B4) -> 0 | D3: =SUM('Scores'!C4:F4) -> 4 | E3: =SUM('Scores'!B4:F4) -> 4 | F3: TRUE | G3: 1.a.a, PDF p. 1: the final selected option is deliberately ambiguous in this synthetic fixture. Check the original response; do not assume the intended correct choice. | H3: /work/courses/dslab/team-16/exam-toolkit-dhest/demo_workspace/evals/Exam002.json

Sheet Part scores
A1: Exam Number | B1: 1.a | C1: 2.a | D1: 2.b | E1: Total
A2: Maximum Points | B2: =SUM('Scores'!B2:B2) -> 1 | C2: =SUM('Scores'!C2:D2) -> 2 | D2: =SUM('Scores'!E2:F2) -> 3 | E2: =SUM('Scores'!B2:F2) -> 6
A3: 001 | B3: =SUM('Scores'!B3:B3) -> 1 | C3: =SUM('Scores'!C3:D3) -> 2 | D3: =SUM('Scores'!E3:F3) -> 3 | E3: =SUM('Scores'!B3:F3) -> 6
A4: 002 | B4: =SUM('Scores'!B4:B4) -> 0 | C4: =SUM('Scores'!C4:D4) -> 1 | D4: =SUM('Scores'!E4:F4) -> 3 | E4: =SUM('Scores'!B4:F4) -> 4

Sheet Explanations
A1: exam_number | B1: part_id | C1: rubric_item | D1: rubric_name | E1: max_points | F1: awarded_points | G1: explanation | H1: source_json | I1: exam_file
A2: 001 | B2: 1.a | C2: 1.a.a | D2: Speed unit | E2: 1 | F2: 1 | G2: PDF p. 1: the final choice is option 2 (m/s). | H2: /work/courses/dslab/team-16/exam-toolkit-dhest/demo_workspace/evals/Exam001.json | I2: Exam001
A3: 001 | B3: 2.a | C3: 2.a.a | D3: Distance relation | E3: 1 | F3: 1 | G3: PDF p. 1: uses distance = speed times time. | H3: /work/courses/dslab/team-16/exam-toolkit-dhest/demo_workspace/evals/Exam001.json | I3: Exam001
A4: 001 | B4: 2.a | C4: 2.a.b | D4: Distance evaluation | E4: 1 | F4: 1 | G4: PDF p. 1: obtains 12 m. | H4: /work/courses/dslab/team-16/exam-toolkit-dhest/demo_workspace/evals/Exam001.json | I4: Exam001
A5: 001 | B5: 2.b | C5: 2.b.a | D5: Time scaling | E5: 1 | F5: 1 | G5: PDF p. 1: identifies a factor of three in the time and distance. | H5: /work/courses/dslab/team-16/exam-toolkit-dhest/demo_workspace/evals/Exam001.json | I5: Exam001
A6: 001 | B6: 2.b | C6: 2.b.b | D6: Later distance | E6: 2 | F6: 2 | G6: PDF p. 1: obtains 36 m. | H6: /work/courses/dslab/team-16/exam-toolkit-dhest/demo_workspace/evals/Exam001.json | I6: Exam001
A7: 002 | B7: 1.a | C7: 1.a.a | D7: Speed unit | E7: 1 | F7: 0 | G7: PDF p. 1: ambiguous final selection; provisional zero, human review requested. | H7: /work/courses/dslab/team-16/exam-toolkit-dhest/demo_workspace/evals/Exam002.json | I7: Exam002
A8: 002 | B8: 2.a | C8: 2.a.a | D8: Distance relation | E8: 1 | F8: 1 | G8: PDF p. 1: uses distance = speed times time. | H8: /work/courses/dslab/team-16/exam-toolkit-dhest/demo_workspace/evals/Exam002.json | I8: Exam002
A9: 002 | B9: 2.a | C9: 2.a.b | D9: Distance evaluation | E9: 1 | F9: 0 | G9: PDF p. 1: 4 x 3 is incorrectly evaluated as 10; relation credit is separate. | H9: /work/courses/dslab/team-16/exam-toolkit-dhest/demo_workspace/evals/Exam002.json | I9: Exam002
A10: 002 | B10: 2.b | C10: 2.b.a | D10: Time scaling | E10: 1 | F10: 1 | G10: PDF p. 1: identifies a factor of three in the time and distance. | H10: /work/courses/dslab/team-16/exam-toolkit-dhest/demo_workspace/evals/Exam002.json | I10: Exam002
A11: 002 | B11: 2.b | C11: 2.b.b | D11: Later distance | E11: 2 | F11: 2 | G11: PDF p. 1: correctly triples the earlier 10 m to 30 m; full follow-through credit, without penalizing the arithmetic error again. | H11: /work/courses/dslab/team-16/exam-toolkit-dhest/demo_workspace/evals/Exam002.json | I11: Exam002

Sheet Manifest
A1: rubric_item | B1: part_id | C1: rubric_name | D1: max_points | E1: scoring_type
A2: 1.a.a | B2: 1.a | C2: Speed unit | D2: 1 | E2: (0, 1)
A3: 2.a.a | B3: 2.a | C3: Distance relation | D3: 1 | E3: Step 0.5
A4: 2.a.b | B4: 2.a | C4: Distance evaluation | D4: 1 | E4: Continuous fractional
A5: 2.b.a | B5: 2.b | C5: Time scaling | D5: 1 | E5: (0, 1)
A6: 2.b.b | B6: 2.b | C6: Later distance | D6: 2 | E6: Step 0.5

Sheet Run info
A1: Field | B1: Value
A2: Compiler | B2: EXAM_TOOLKIT_COMPILER_1.0.0
A3: Bundle | B3: SYNTHETIC_CONSTANT_SPEED_V1
A4: Run ID | B4: 20261027T092819Z_9954d4beab
A5: Generated UTC | B5: 2026-10-27T09:28:19+00:00
A6: Input JSON directory | B6: /work/courses/dslab/team-16/exam-toolkit-dhest/demo_workspace/evals
A7: PDF filename inventory | B7: /work/courses/dslab/team-16/exam-toolkit-dhest/demo_workspace/RawExams
A8: Valid scored exams | B8: 2
A9: Rubric criteria | B9: 5
A10: Maximum points | B10: 6
A11: Flagged exams | B11: 1
A12: Review reference rows | B12: 1
A13: Pending PDF results | B13: 0
A14: Review authority | B14: Only the JSON's exam-level human_review_recommended flag selects an exam for review.
A15: Reference rows | B15: Mentions in human_review_reason are navigation aids, not independently recorded item-level flags. Read the full reason; a mention may be context or a dependency.
A16: Unlocalized issues | B16: Every flagged exam is in Flagged exams. With no recognized reference it also has an EXAM row in Review queue. General issues mixed with references remain in the full reason.
A17: Reference syntax | B17: Recognizes exact configured criterion/part labels and simple parenthesized aliases; whole problem mentions require an explicit prefix. No range or natural-language scope inference. Read the full reason.
A18: Text preservation | B18: Review reasons and item explanations retain the source text. XLSX strings are literal; CSV text starting with a formula trigger gets an apostrophe for safety.
A19: Source linkage | B19: Explanations and Flagged exams identify source JSON filenames. Source SHA256 values below identify the bytes read by this compilation, not the PDFs/model used during scoring.
A20: Provenance limit | B20: The generic scorer writes separate .provenance sidecars. This compiler records the JSON snapshot hashes but does not verify those sidecars or model conditions. Use the scorer --check for local input/provenance checks; a live resume also compares model settings. Neither checks correctness.
A21: Identifiers | B21: Exam Number is the configured filename id group, not an inferred person identity. Original zero padding is retained; --width only adds display zeros. Full filename stems are retained in source columns.
A22: Derived values | B22: XLSX totals/subtotals are formulas with initial numeric caches; CSV values are computed from the same scores. No new score rounding or half-point grid is imposed. Excel has finite numeric precision.
A23: Snapshot | B23: This is a compilation snapshot, not a live dashboard or an automatic correction workflow. Editing a workbook never changes the scoring JSON or the other workbook/CSVs.
A24: Completeness | B24: Only valid JSON files are included. Pending exams have no score row, not zero points. Use --require-complete for an exact filename-inventory gate.
A25: Snapshot consistency | B25: Do not edit scoring JSON while compiling. Each JSON is read once; its hash is recorded. Finish scoring first for a stable complete batch.
... A27: /work/courses/dslab/team-16/exam-toolkit-dhest/demo_workspace/evals/Exam002.json | B27: SHA256 a283a6dfe4a082f502e36a5ae47c410c875367f22b80ca0af0f9736201d8154d
